{
  "scaler_mean": [
    0.05818514860100353,
    0.109967064519102,
    0.11835305725113299,
    1.3043864896966793
  ],
  "scaler_scale": [
    0.17735413461136876,
    0.18011677790327948,
    0.048798777033464524,
    0.21786185651959075
  ],
  "kernel": "rbf",
  "C": 2000,
  "gamma": 3.0,
  "support_vectors": [
    [
      -0.05225621064032641,
      0.5493814411858217,
      -0.0933516974054135,
      2.055102397415771
    ],
    [
      -0.1896457386859956,
      0.1545531427626533,
      -0.18450157314743543,
      1.6599932966854813
    ],
    [
      -0.32070059553506686,
      -0.5078180944094574,
      0.13031369218389874,
      0.6091468478289398
    ],
    [
      -0.22786817509480156,
      -0.23081258152946146,
      1.3168519035770374,
      -0.07839407754884342
    ],
    [
      -0.23889165269280466,
      -0.05140788308218444,
      1.7935535273208338,
      1.6322140274639674
    ],
    [
      -0.3167985981228805,
      -0.42435038222732274,
      0.02374485923626614,
      1.494558156298461
    ],
    [
      -0.26662105606328595,
      -0.286303916755941,
      1.1636913974501866,
      1.2065791041958407
    ],
    [
      -0.2474408462388374,
      -0.2652892918015155,
      1.3239530962602017,
      0.13082714969052378
    ],
    [
      -0.09402252180600301,
      0.5558647803750908,
      -0.15005502366099477,
      2.114102087693405
    ],
    [
      -0.14483613676897455,
      0.33530710939371994,
      -0.13252985337483691,
      1.8832100699188175
    ],
    [
      -0.2932106226266742,
      -0.2705421127200882,
      0.9600366380352869,
      3.132238818342095
    ],
    [
      -0.2994702133688718,
      -0.2768688492017508,
      0.11341609926427387,
      2.9960151448437347
    ],
    [
      -0.2850498521388285,
      -0.07161980467929493,
      0.3663531963315428,
      3.656178332245823
    ],
    [
      -0.28239952574553706,
      -0.3143003556382117,
      0.6884619151256874,
      2.4669847397627933
    ],
    [
      -0.2879391036305667,
      -0.32918421730867703,
      1.8160552659247018,
      1.547041941602328
    ],
    [
      -0.264801762597702,
      0.013956387672798224,
      0.31912219649152695,
      4.0274596667765294
    ],
    [
      -0.3161471543118402,
      -0.42435608656239865,
      0.5517346040026166,
      2.0789759830465675
    ],
    [
      -0.26455010560165154,
      -0.26632422446269405,
      1.7580201177466483,
      1.4588238092202188
    ],
    [
      -0.298250044406268,
      -0.2879921370026695,
      1.3183652089259617,
      3.06617512194403
    ],
    [
      -0.30565343681649326,
      -0.4093449585904264,
      1.583932005007404,
      0.05807934725729699
    ],
    [
      -0.3159713386492311,
      -0.46320233658382914,
      0.8175312987853456,
      1.0716105410709502
    ],
    [
      -0.22929789500507516,
      -0.05439300012496217,
      1.34251441615859,
      3.6440647366696566
    ],
    [
      -0.11691704483153254,
      0.4067753373817802,
      -0.16402807442607958,
      1.8830615234713022
    ],
    [
      -0.30630349949943003,
      -0.2702081244597967,
      0.4363870222182698,
      3.691082054341166
    ],
    [
      -0.303971903498831,
      -0.3550067162375597,
      1.296978784745202,
      0.9352281701324755
    ],
    [
      -0.19534648698360277,
      0.17292905167329828,
      -0.21643307554288163,
      1.605867850440053
    ],
    [
      -0.2847887943411731,
      -0.3205094117362329,
      1.0732527268034433,
      2.489866417707032
    ],
    [
      -0.16171100255571388,
      0.33759300823969096,
      -0.008975994424929927,
      1.623166197113463
    ],
    [
      -0.14608973279563237,
      0.2762991370322136,
      -0.14455194765042192,
      1.805631637091367
    ],
    [
      -0.2439907526915858,
      -0.021307164845437772,
      1.0113607581185984,
      4.800788786595195
    ],
    [
      -0.26301291919777875,
      -0.2333765393080539,
      1.4030188778989643,
      1.2442916117526859
    ],
    [
      -0.29479146032020703,
      -0.18026874594903328,
      0.6800219223845311,
      4.101644119001017
    ],
    [
      -0.2556381615721628,
      -0.08450133912093255,
      1.4865989095774053,
      4.431516489669377
    ],
    [
      -0.31787014333098834,
      -0.4416007792069942,
      0.08252499408122704,
      1.4083846631531776
    ],
    [
      -0.31778155570602407,
      -0.3706420211778159,
      -0.06698678953243647,
      1.5067986067434065
    ],
    [
      -0.3137963278250569,
      -0.40329124111334685,
      -0.09400561580770055,
      1.262631724939572
    ],
    [
      -0.12679267865348412,
      0.4077815444155692,
      -0.1300847741602904,
      1.8554248353779719
    ],
    [
      -0.22648570801717222,
      0.016130639669946732,
      1.2248053206176819,
      4.95643127907379
    ],
    [
      -0.19132646773154147,
      -0.10753030518898775,
      2.859814404265136,
      2.0844711511632577
    ],
    [
      -0.30428692017159337,
      -0.3176761937390739,
      0.40191866526638176,
      2.3849490218345393
    ],
    [
      -0.2520381976031059,
      0.09919667291312345,
      0.23546047042028634,
      4.680120807175585
    ],
    [
      -0.27881864406948187,
      -0.2791655491470723,
      0.9379308296202555,
      3.866051522230854
    ],
    [
      -0.323058707225278,
      -0.42855221314657044,
      0.4460366107030572,
      1.5079321326470223
    ],
    [
      -0.276097211108791,
      -0.1416082054177763,
      0.21435314124641217,
      3.2757843413643246
    ],
    [
      -0.2556431469248881,
      -0.10529592109972456,
      0.1530822725928384,
      3.5965134574472617
    ],
    [
      -0.040772945141708206,
      0.6042788457524163,
      -0.0923871377395681,
      2.0360843411080545
    ],
    [
      -0.26402553139304824,
      -0.03893541341814907,
      0.21570409785149944,
      3.843574765867471
    ],
    [
      -0.18285522002014645,
      0.2898086334938562,
      -0.22879161563349817,
      1.8640924654979
    ],
    [
      -0.24190604473776128,
      0.04410389129386088,
      0.4159217861115308,
      4.4682006799362
    ],
    [
      -0.19794614047091977,
      0.14046148672954475,
      -0.03677135869253504,
      1.696796444179344
    ],
    [
      -0.2775098173683928,
      -0.2918927197762984,
      1.2275503699393202,
      1.037369621016042
    ],
    [
      -0.2785788957000399,
      -0.21495716314782276,
      0.2789913059191696,
      3.2684207946144874
    ],
    [
      -0.29501839529114193,
      -0.3943594937382359,
      1.6042345604793866,
      1.5735877956407036
    ],
    [
      -0.24673421988927938,
      -0.3263176563380046,
      1.1911846842241371,
      -0.07328082196965716
    ],
    [
      -0.16595679760552637,
      0.2117081243271443,
      -0.16908360707764966,
      1.6821037790500324
    ],
    [
      -0.25366695746241785,
      -0.24801628270182535,
      2.119034525647523,
      0.9839946167811334
    ],
    [
      -0.17572322706805166,
      0.18508407068215202,
      -0.12056318131723773,
      1.7265137751164643
    ],
    [
      -0.125306211127343,
      0.3485841827338738,
      -0.054749764112196134,
      1.8400270035557822
    ],
    [
      -0.2753167768616402,
      -0.1077660531776293,
      0.31345557283491876,
      4.265918876455509
    ],
    [
      -0.22593727908515154,
      0.0967441316293417,
      -0.060378500362511196,
      1.7825342193625373
    ],
    [
      -0.31244769075619067,
      -0.4181551284237135,
      0.3435094685291859,
      1.6245180785729252
    ],
    [
      0.518007512978016,
      1.3707760241056806,
      13.461699684458248,
      14.351047112039735
    ],
    [
      0.052087476463421004,
      0.5092876770853615,
      8.322285594015474,
      13.458450177045234
    ],
    [
      -0.12250526504656649,
      0.08346216080420123,
      5.670401759334485,
      12.256256523303446
    ],
    [
      -0.247328095640444,
      -0.2970130279089503,
